seed,detector,variant,view,rewrite,n_harm,recall,miss_mean_p,conf_miss,fpr,recall_swap_storm,recall_early_measure,auc,ece,dj_fpr
0,ngram_lr,clean,raw,none,89,0.7640449438202247,0.4052548590443187,0.0,0.0,nan,0.7640449438202247,0.9912477823772916,0.16552758172158522,0.0
0,ngram_lr,clean,raw,swap_to_3cx,182,0.3131868131868132,0.15615084436540533,0.31868131868131866,0.0,0.0,0.6404494382022472,,,
0,ngram_lr,clean,raw,identity_pad,90,0.6222222222222222,0.3694715824542333,0.0,0.010526315789473684,nan,0.6222222222222222,,,
0,ngram_lr,clean,raw,cx_pad,89,0.651685393258427,0.36302258624323397,0.0,0.021052631578947368,nan,0.651685393258427,,,
0,ngram_lr,clean,raw,decompose,183,0.3333333333333333,0.2689956421088413,0.08196721311475409,0.1368421052631579,0.0,0.6853932584269663,,,
0,ngram_lr,clean,raw,relabel,89,0.7640449438202247,0.4052548590443187,0.0,0.0,nan,0.7640449438202247,,,
0,ngram_lr,clean,raw,combined,182,0.1813186813186813,0.2833818408192316,0.0,0.0,0.0,0.3707865168539326,,,
0,ngram_lr,aug_loro,raw,swap_to_3cx,182,0.5714285714285714,0.2585733647547307,0.07142857142857142,0.0,0.3548387096774194,0.797752808988764,,,
0,ngram_lr,aug_loro,raw,identity_pad,90,0.4111111111111111,0.23365206847152967,0.12222222222222222,0.0,nan,0.4111111111111111,,,
0,ngram_lr,aug_loro,raw,cx_pad,89,1.0,nan,0.0,0.5578947368421052,nan,1.0,,,
0,ngram_lr,aug_loro,raw,decompose,183,0.8032786885245902,0.32234452785741724,0.01092896174863388,0.15789473684210525,0.8404255319148937,0.7640449438202247,,,
0,ngram_lr,aug_loro,raw,relabel,89,0.8651685393258427,0.3286391639155655,0.0,0.0,nan,0.8651685393258427,,,
0,ngram_lr,aug_loro,raw,combined,182,0.4230769230769231,0.3602686855716433,0.0,0.042105263157894736,0.10752688172043011,0.7528089887640449,,,
0,cnn,clean,raw,none,89,1.0,nan,0.0,0.0,nan,1.0,0.9999999999999999,0.02051828686228913,0.0
0,cnn,clean,raw,swap_to_3cx,182,0.489010989010989,0.005874126683920622,0.510989010989011,0.0,0.0,1.0,,,
0,cnn,clean,raw,identity_pad,90,0.9888888888888889,0.4734571576118469,0.0,0.021052631578947368,nan,0.9888888888888889,,,
0,cnn,clean,raw,cx_pad,89,0.9662921348314607,0.22185944020748138,0.011235955056179775,0.031578947368421054,nan,0.9662921348314607,,,
0,cnn,clean,raw,decompose,183,0.4972677595628415,0.047123249620199203,0.4371584699453552,0.07368421052631578,0.02127659574468085,1.0,,,
0,cnn,clean,raw,relabel,89,1.0,nan,0.0,0.0,nan,1.0,,,
0,cnn,clean,raw,combined,182,0.44505494505494503,0.02807822823524475,0.5164835164835165,0.0,0.0,0.9101123595505618,,,
0,feat_gb,clean,raw,none,89,1.0,nan,0.0,0.0,nan,1.0,1.0,0.000725621626333461,0.0
0,feat_gb,clean,raw,swap_to_3cx,182,0.489010989010989,9.669026587708799e-05,0.510989010989011,0.0,0.0,1.0,,,
0,feat_gb,clean,raw,identity_pad,90,1.0,nan,0.0,0.0,nan,1.0,,,
0,feat_gb,clean,raw,cx_pad,89,1.0,nan,0.0,0.0,nan,1.0,,,
0,feat_gb,clean,raw,decompose,183,0.48633879781420764,0.00011298240808987034,0.5136612021857924,0.0,0.0,1.0,,,
0,feat_gb,clean,raw,relabel,89,1.0,nan,0.0,0.0,nan,1.0,,,
0,feat_gb,clean,raw,combined,182,0.489010989010989,0.00023538647026322753,0.510989010989011,0.0,0.0,1.0,,,
0,feat_gb,aug_loro,raw,swap_to_3cx,182,0.9725274725274725,0.2836316182368401,0.0,0.0,0.946236559139785,1.0,,,
0,feat_gb,aug_loro,raw,identity_pad,90,1.0,nan,0.0,0.031578947368421054,nan,1.0,,,
0,feat_gb,aug_loro,raw,cx_pad,89,1.0,nan,0.0,0.2736842105263158,nan,1.0,,,
0,feat_gb,aug_loro,raw,decompose,183,0.994535519125683,0.4634133765032523,0.0,0.08421052631578947,0.9893617021276596,1.0,,,
0,feat_gb,aug_loro,raw,relabel,89,1.0,nan,0.0,0.0,nan,1.0,,,
0,feat_gb,aug_loro,raw,combined,182,0.489010989010989,0.012345948371998228,0.510989010989011,0.0,0.0,1.0,,,
0,ngram_lr,clean,L1,none,184,0.9728260869565217,0.3338297592763828,0.0,0.010526315789473684,1.0,0.9438202247191011,0.9965102974828376,0.11181877094354445,0.0
0,ngram_lr,clean,L1,swap_to_3cx,184,0.9728260869565217,0.3338297592763828,0.0,0.010526315789473684,1.0,0.9438202247191011,,,
0,ngram_lr,clean,L1,identity_pad,184,0.9728260869565217,0.3338297592763828,0.0,0.010526315789473684,1.0,0.9438202247191011,,,
0,ngram_lr,clean,L1,cx_pad,184,0.9728260869565217,0.3338297592763828,0.0,0.010526315789473684,1.0,0.9438202247191011,,,
0,ngram_lr,clean,L1,decompose,184,0.9728260869565217,0.3338297592763828,0.0,0.010526315789473684,1.0,0.9438202247191011,,,
0,ngram_lr,clean,L1,relabel,184,0.9184782608695652,0.3309072249130133,0.005434782608695652,0.031578947368421054,0.9368421052631579,0.898876404494382,,,
0,ngram_lr,clean,L1,combined,184,0.9184782608695652,0.3309072249130133,0.005434782608695652,0.031578947368421054,0.9368421052631579,0.898876404494382,,,
0,ngram_lr,aug_loro,L1,swap_to_3cx,184,0.9836956521739131,0.41893026773561254,0.0,0.0,0.9894736842105263,0.9775280898876404,,,
0,ngram_lr,aug_loro,L1,identity_pad,184,0.9836956521739131,0.41893026773561254,0.0,0.0,0.9894736842105263,0.9775280898876404,,,
0,ngram_lr,aug_loro,L1,cx_pad,184,0.9836956521739131,0.41893026773561254,0.0,0.0,0.9894736842105263,0.9775280898876404,,,
0,ngram_lr,aug_loro,L1,decompose,184,0.9891304347826086,0.407513708149814,0.0,0.0,0.9894736842105263,0.9887640449438202,,,
0,ngram_lr,aug_loro,L1,relabel,184,0.9728260869565217,0.2844873474318119,0.0,0.031578947368421054,0.9894736842105263,0.9550561797752809,,,
0,ngram_lr,aug_loro,L1,combined,184,0.9728260869565217,0.28464384570258855,0.0,0.031578947368421054,0.9894736842105263,0.9550561797752809,,,
0,cnn,clean,L1,none,184,0.907608695652174,0.29520905017852783,0.005434782608695652,0.010526315789473684,0.8421052631578947,0.9775280898876404,0.993020594965675,0.09726964958733128,0.0
0,cnn,clean,L1,swap_to_3cx,184,0.907608695652174,0.29520905017852783,0.005434782608695652,0.010526315789473684,0.8421052631578947,0.9775280898876404,,,
0,cnn,clean,L1,identity_pad,184,0.907608695652174,0.29520905017852783,0.005434782608695652,0.010526315789473684,0.8421052631578947,0.9775280898876404,,,
0,cnn,clean,L1,cx_pad,184,0.907608695652174,0.29520905017852783,0.005434782608695652,0.010526315789473684,0.8421052631578947,0.9775280898876404,,,
0,cnn,clean,L1,decompose,184,0.907608695652174,0.292948454618454,0.005434782608695652,0.010526315789473684,0.8421052631578947,0.9775280898876404,,,
0,cnn,clean,L1,relabel,184,0.907608695652174,0.2753790616989136,0.02717391304347826,0.042105263157894736,0.8526315789473684,0.9662921348314607,,,
0,cnn,clean,L1,combined,184,0.907608695652174,0.2753790616989136,0.02717391304347826,0.042105263157894736,0.8526315789473684,0.9662921348314607,,,
0,feat_gb,clean,L1,none,184,1.0,nan,0.0,0.010526315789473684,1.0,1.0,1.0,0.0035899984414642853,0.0
0,feat_gb,clean,L1,swap_to_3cx,184,1.0,nan,0.0,0.010526315789473684,1.0,1.0,,,
0,feat_gb,clean,L1,identity_pad,184,1.0,nan,0.0,0.010526315789473684,1.0,1.0,,,
0,feat_gb,clean,L1,cx_pad,184,1.0,nan,0.0,0.010526315789473684,1.0,1.0,,,
0,feat_gb,clean,L1,decompose,184,1.0,nan,0.0,0.010526315789473684,1.0,1.0,,,
0,feat_gb,clean,L1,relabel,184,1.0,nan,0.0,0.042105263157894736,1.0,1.0,,,
0,feat_gb,clean,L1,combined,184,1.0,nan,0.0,0.042105263157894736,1.0,1.0,,,
0,feat_gb,aug_loro,L1,swap_to_3cx,184,1.0,nan,0.0,0.010526315789473684,1.0,1.0,,,
0,feat_gb,aug_loro,L1,identity_pad,184,1.0,nan,0.0,0.010526315789473684,1.0,1.0,,,
0,feat_gb,aug_loro,L1,cx_pad,184,1.0,nan,0.0,0.010526315789473684,1.0,1.0,,,
0,feat_gb,aug_loro,L1,decompose,184,1.0,nan,0.0,0.010526315789473684,1.0,1.0,,,
0,feat_gb,aug_loro,L1,relabel,184,1.0,nan,0.0,0.021052631578947368,1.0,1.0,,,
0,feat_gb,aug_loro,L1,combined,184,1.0,nan,0.0,0.021052631578947368,1.0,1.0,,,
0,ngram_lr,clean,L3,none,89,0.9438202247191011,0.3909567728180973,0.0,0.0,nan,0.9438202247191011,0.999645180366647,0.1149487187133196,0.0
0,ngram_lr,clean,L3,swap_to_3cx,182,0.45604395604395603,0.16403962596434923,0.09340659340659341,0.0,0.0,0.9325842696629213,,,
0,ngram_lr,clean,L3,identity_pad,90,0.9444444444444444,0.39005962531033117,0.0,0.0,nan,0.9444444444444444,,,
0,ngram_lr,clean,L3,cx_pad,89,0.9438202247191011,0.4198417176638003,0.0,0.0,nan,0.9438202247191011,,,
0,ngram_lr,clean,L3,decompose,183,0.45901639344262296,0.15679526599362184,0.09289617486338798,0.0,0.0,0.9438202247191011,,,
0,ngram_lr,clean,L3,relabel,89,0.9325842696629213,0.42928505828361024,0.0,0.0,nan,0.9325842696629213,,,
0,ngram_lr,clean,L3,combined,182,0.46153846153846156,0.1641224876096685,0.09340659340659341,0.0,0.0,0.9438202247191011,,,
0,ngram_lr,aug_loro,L3,swap_to_3cx,182,0.9835164835164835,0.3628905879514454,0.0,0.0,1.0,0.9662921348314607,,,
0,ngram_lr,aug_loro,L3,identity_pad,90,0.9444444444444444,0.31172891218258714,0.0,0.0,nan,0.9444444444444444,,,
0,ngram_lr,aug_loro,L3,cx_pad,89,0.9550561797752809,0.34534793878079384,0.0,0.0,nan,0.9550561797752809,,,
0,ngram_lr,aug_loro,L3,decompose,183,0.9890710382513661,0.29733275182034574,0.0,0.0,1.0,0.9775280898876404,,,
0,ngram_lr,aug_loro,L3,relabel,89,0.9550561797752809,0.3369106312738958,0.0,0.0,nan,0.9550561797752809,,,
0,ngram_lr,aug_loro,L3,combined,182,0.9945054945054945,0.44540719491545305,0.0,0.0,1.0,0.9887640449438202,,,
0,cnn,clean,L3,none,89,1.0,nan,0.0,0.0,nan,1.0,1.0,0.004736125846292176,0.0
0,cnn,clean,L3,swap_to_3cx,182,0.489010989010989,0.0033144692424684763,0.510989010989011,0.0,0.0,1.0,,,
0,cnn,clean,L3,identity_pad,90,0.9888888888888889,0.05466805398464203,0.011111111111111112,0.0,nan,0.9888888888888889,,,
0,cnn,clean,L3,cx_pad,89,1.0,nan,0.0,0.0,nan,1.0,,,
0,cnn,clean,L3,decompose,183,0.48633879781420764,0.003367281286045909,0.5136612021857924,0.0,0.0,1.0,,,
0,cnn,clean,L3,relabel,89,1.0,nan,0.0,0.0,nan,1.0,,,
0,cnn,clean,L3,combined,182,0.489010989010989,0.003312961431220174,0.510989010989011,0.0,0.0,1.0,,,
0,feat_gb,clean,L3,none,89,1.0,nan,0.0,0.0,nan,1.0,1.0,2.1890446344711116e-05,0.0
0,feat_gb,clean,L3,swap_to_3cx,182,0.489010989010989,2.156895612043119e-05,0.510989010989011,0.0,0.0,1.0,,,
0,feat_gb,clean,L3,identity_pad,90,0.9888888888888889,2.1568956120431198e-05,0.011111111111111112,0.0,nan,0.9888888888888889,,,
0,feat_gb,clean,L3,cx_pad,89,1.0,nan,0.0,0.0,nan,1.0,,,
0,feat_gb,clean,L3,decompose,183,0.48633879781420764,2.156895612043119e-05,0.5136612021857924,0.0,0.0,1.0,,,
0,feat_gb,clean,L3,relabel,89,1.0,nan,0.0,0.0,nan,1.0,,,
0,feat_gb,clean,L3,combined,182,0.489010989010989,2.156895612043119e-05,0.510989010989011,0.0,0.0,1.0,,,
0,feat_gb,aug_loro,L3,swap_to_3cx,182,0.9725274725274725,0.05222099035341893,0.02197802197802198,0.08421052631578947,0.946236559139785,1.0,,,
0,feat_gb,aug_loro,L3,identity_pad,90,1.0,nan,0.0,0.05263157894736842,nan,1.0,,,
0,feat_gb,aug_loro,L3,cx_pad,89,1.0,nan,0.0,0.05263157894736842,nan,1.0,,,
0,feat_gb,aug_loro,L3,decompose,183,0.9672131147540983,0.2360180385631909,0.01092896174863388,0.06315789473684211,0.9361702127659575,1.0,,,
0,feat_gb,aug_loro,L3,relabel,89,1.0,nan,0.0,0.042105263157894736,nan,1.0,,,
0,feat_gb,aug_loro,L3,combined,182,0.9560439560439561,0.19902844884191662,0.02197802197802198,0.06315789473684211,0.9139784946236559,1.0,,,
1,ngram_lr,clean,raw,none,89,0.7415730337078652,0.39840644291419197,0.0,0.0,nan,0.7415730337078652,0.9905381431105855,0.16764385477370744,0.0
1,ngram_lr,clean,raw,swap_to_3cx,182,0.31868131868131866,0.15623285216542881,0.25274725274725274,0.0,0.0,0.651685393258427,,,
1,ngram_lr,clean,raw,identity_pad,90,0.5555555555555556,0.3701017824779963,0.0,0.0,nan,0.5555555555555556,,,
1,ngram_lr,clean,raw,cx_pad,89,0.6404494382022472,0.3683245963103553,0.0,0.042105263157894736,nan,0.6404494382022472,,,
1,ngram_lr,clean,raw,decompose,184,0.29891304347826086,0.28071030635913413,0.06521739130434782,0.07368421052631578,0.0,0.6179775280898876,,,
1,ngram_lr,clean,raw,relabel,89,0.7415730337078652,0.39840644291419197,0.0,0.0,nan,0.7415730337078652,,,
1,ngram_lr,clean,raw,combined,182,0.13736263736263737,0.3103393409005864,0.0,0.0,0.0,0.2808988764044944,,,
1,ngram_lr,aug_loro,raw,swap_to_3cx,182,0.510989010989011,0.2660671698035255,0.06593406593406594,0.0,0.24731182795698925,0.7865168539325843,,,
1,ngram_lr,aug_loro,raw,identity_pad,90,0.35555555555555557,0.2737637000116234,0.08888888888888889,0.0,nan,0.35555555555555557,,,
1,ngram_lr,aug_loro,raw,cx_pad,89,0.9775280898876404,0.38583422800379,0.0,0.6842105263157895,nan,0.9775280898876404,,,
1,ngram_lr,aug_loro,raw,decompose,184,0.7771739130434783,0.3843677970771409,0.0,0.21052631578947367,0.8210526315789474,0.7303370786516854,,,
1,ngram_lr,aug_loro,raw,relabel,89,0.8876404494382022,0.3490033087198773,0.0,0.010526315789473684,nan,0.8876404494382022,,,
1,ngram_lr,aug_loro,raw,combined,182,0.4230769230769231,0.36740449716952783,0.0,0.010526315789473684,0.13978494623655913,0.7191011235955056,,,
1,cnn,clean,raw,none,89,1.0,nan,0.0,0.0,nan,1.0,1.0,0.022434779635185132,0.0
1,cnn,clean,raw,swap_to_3cx,182,0.47802197802197804,0.01291665993630886,0.510989010989011,0.0,0.0,0.9775280898876404,,,
1,cnn,clean,raw,identity_pad,90,0.9555555555555556,0.47063344717025757,0.0,0.05263157894736842,nan,0.9555555555555556,,,
1,cnn,clean,raw,cx_pad,89,0.9775280898876404,0.39110228419303894,0.0,0.031578947368421054,nan,0.9775280898876404,,,
1,cnn,clean,raw,decompose,184,0.483695652173913,0.06657283008098602,0.41847826086956524,0.021052631578947368,0.0,1.0,,,
1,cnn,clean,raw,relabel,89,1.0,nan,0.0,0.0,nan,1.0,,,
1,cnn,clean,raw,combined,182,0.4340659340659341,0.035308293998241425,0.5164835164835165,0.0,0.0,0.8876404494382022,,,
1,feat_gb,clean,raw,none,89,1.0,nan,0.0,0.010526315789473684,nan,1.0,1.0,0.003701622638786011,0.0
1,feat_gb,clean,raw,swap_to_3cx,182,0.489010989010989,2.8572935643341396e-05,0.510989010989011,0.0,0.0,1.0,,,
1,feat_gb,clean,raw,identity_pad,90,1.0,nan,0.0,0.0,nan,1.0,,,
1,feat_gb,clean,raw,cx_pad,89,1.0,nan,0.0,0.0,nan,1.0,,,
1,feat_gb,clean,raw,decompose,184,0.483695652173913,2.85729356433414e-05,0.5163043478260869,0.0,0.0,1.0,,,
1,feat_gb,clean,raw,relabel,89,1.0,nan,0.0,0.010526315789473684,nan,1.0,,,
1,feat_gb,clean,raw,combined,182,0.489010989010989,2.8572935643341396e-05,0.510989010989011,0.0,0.0,1.0,,,
1,feat_gb,aug_loro,raw,swap_to_3cx,182,0.9725274725274725,0.38357528134234886,0.0,0.0,0.946236559139785,1.0,,,
1,feat_gb,aug_loro,raw,identity_pad,90,1.0,nan,0.0,0.010526315789473684,nan,1.0,,,
1,feat_gb,aug_loro,raw,cx_pad,89,1.0,nan,0.0,0.5368421052631579,nan,1.0,,,
1,feat_gb,aug_loro,raw,decompose,184,0.9782608695652174,0.35034930173445444,0.0,0.09473684210526316,0.9578947368421052,1.0,,,
1,feat_gb,aug_loro,raw,relabel,89,1.0,nan,0.0,0.0,nan,1.0,,,
1,feat_gb,aug_loro,raw,combined,182,0.489010989010989,0.005080926968396844,0.510989010989011,0.0,0.0,1.0,,,
1,ngram_lr,clean,L1,none,184,0.9510869565217391,0.40179834707633283,0.0,0.021052631578947368,0.9789473684210527,0.9213483146067416,0.9969679633867277,0.13862975110054485,0.0
1,ngram_lr,clean,L1,swap_to_3cx,184,0.9510869565217391,0.40179834707633283,0.0,0.021052631578947368,0.9789473684210527,0.9213483146067416,,,
1,ngram_lr,clean,L1,identity_pad,184,0.9510869565217391,0.40179834707633283,0.0,0.021052631578947368,0.9789473684210527,0.9213483146067416,,,
1,ngram_lr,clean,L1,cx_pad,184,0.9510869565217391,0.40179834707633283,0.0,0.021052631578947368,0.9789473684210527,0.9213483146067416,,,
1,ngram_lr,clean,L1,decompose,184,0.9510869565217391,0.40179834707633283,0.0,0.021052631578947368,0.9789473684210527,0.9213483146067416,,,
1,ngram_lr,clean,L1,relabel,184,0.875,0.3406215731325607,0.0,0.021052631578947368,0.9157894736842105,0.8314606741573034,,,
1,ngram_lr,clean,L1,combined,184,0.875,0.3406215731325607,0.0,0.021052631578947368,0.9157894736842105,0.8314606741573034,,,
1,ngram_lr,aug_loro,L1,swap_to_3cx,184,0.9836956521739131,0.3698053625799387,0.0,0.010526315789473684,0.9894736842105263,0.9775280898876404,,,
1,ngram_lr,aug_loro,L1,identity_pad,184,0.9836956521739131,0.3698053625799387,0.0,0.010526315789473684,0.9894736842105263,0.9775280898876404,,,
1,ngram_lr,aug_loro,L1,cx_pad,184,0.9836956521739131,0.3698053625799387,0.0,0.010526315789473684,0.9894736842105263,0.9775280898876404,,,
1,ngram_lr,aug_loro,L1,decompose,184,0.9836956521739131,0.3709191822703389,0.0,0.010526315789473684,0.9894736842105263,0.9775280898876404,,,
1,ngram_lr,aug_loro,L1,relabel,184,0.9293478260869565,0.3303147925085033,0.0,0.021052631578947368,0.9894736842105263,0.8651685393258427,,,
1,ngram_lr,aug_loro,L1,combined,184,0.9293478260869565,0.3303147925085033,0.0,0.021052631578947368,0.9894736842105263,0.8651685393258427,,,
1,cnn,clean,L1,none,184,0.9456521739130435,0.3799852728843689,0.0,0.031578947368421054,0.8947368421052632,1.0,0.9950800915331809,0.06633259476192536,0.0
1,cnn,clean,L1,swap_to_3cx,184,0.9456521739130435,0.3799852728843689,0.0,0.031578947368421054,0.8947368421052632,1.0,,,
1,cnn,clean,L1,identity_pad,184,0.9456521739130435,0.3799852728843689,0.0,0.031578947368421054,0.8947368421052632,1.0,,,
1,cnn,clean,L1,cx_pad,184,0.9456521739130435,0.3799852728843689,0.0,0.031578947368421054,0.8947368421052632,1.0,,,
1,cnn,clean,L1,decompose,184,0.9456521739130435,0.3799852728843689,0.0,0.031578947368421054,0.8947368421052632,1.0,,,
1,cnn,clean,L1,relabel,184,0.9456521739130435,0.33422642946243286,0.005434782608695652,0.05263157894736842,0.9052631578947369,0.9887640449438202,,,
1,cnn,clean,L1,combined,184,0.9456521739130435,0.33422642946243286,0.005434782608695652,0.05263157894736842,0.9052631578947369,0.9887640449438202,,,
1,feat_gb,clean,L1,none,184,0.9945652173913043,0.10497944361252864,0.0,0.0,0.9894736842105263,1.0,1.0,0.003955080038183543,0.0
1,feat_gb,clean,L1,swap_to_3cx,184,0.9945652173913043,0.10497944361252864,0.0,0.0,0.9894736842105263,1.0,,,
1,feat_gb,clean,L1,identity_pad,184,0.9945652173913043,0.10497944361252864,0.0,0.0,0.9894736842105263,1.0,,,
1,feat_gb,clean,L1,cx_pad,184,0.9945652173913043,0.10497944361252864,0.0,0.0,0.9894736842105263,1.0,,,
1,feat_gb,clean,L1,decompose,184,0.9945652173913043,0.10497944361252864,0.0,0.0,0.9894736842105263,1.0,,,
1,feat_gb,clean,L1,relabel,184,0.9945652173913043,0.10497944361252864,0.0,0.021052631578947368,0.9894736842105263,1.0,,,
1,feat_gb,clean,L1,combined,184,0.9945652173913043,0.10497944361252864,0.0,0.021052631578947368,0.9894736842105263,1.0,,,
1,feat_gb,aug_loro,L1,swap_to_3cx,184,0.9782608695652174,0.23704986293790792,0.0,0.0,0.9578947368421052,1.0,,,
1,feat_gb,aug_loro,L1,identity_pad,184,0.9782608695652174,0.23704986293790792,0.0,0.0,0.9578947368421052,1.0,,,
1,feat_gb,aug_loro,L1,cx_pad,184,0.9782608695652174,0.23704986293790792,0.0,0.0,0.9578947368421052,1.0,,,
1,feat_gb,aug_loro,L1,decompose,184,0.9782608695652174,0.23704986293790792,0.0,0.0,0.9578947368421052,1.0,,,
1,feat_gb,aug_loro,L1,relabel,184,0.9891304347826086,0.09696415262930863,0.005434782608695652,0.010526315789473684,0.9789473684210527,1.0,,,
1,feat_gb,aug_loro,L1,combined,184,0.9891304347826086,0.09696415262930863,0.005434782608695652,0.010526315789473684,0.9789473684210527,1.0,,,
1,ngram_lr,clean,L3,none,89,0.9213483146067416,0.45735057670240226,0.0,0.0,nan,0.9213483146067416,1.0,0.12727675337556432,0.0
1,ngram_lr,clean,L3,swap_to_3cx,182,0.43956043956043955,0.18402180583713793,0.054945054945054944,0.0,0.0,0.898876404494382,,,
1,ngram_lr,clean,L3,identity_pad,90,0.9222222222222223,0.4582047436867488,0.0,0.0,nan,0.9222222222222223,,,
1,ngram_lr,clean,L3,cx_pad,89,0.9213483146067416,0.45735057670240226,0.0,0.0,nan,0.9213483146067416,,,
1,ngram_lr,clean,L3,decompose,184,0.44021739130434784,0.17305983352776325,0.08152173913043478,0.0,0.0,0.9101123595505618,,,
1,ngram_lr,clean,L3,relabel,89,0.9213483146067416,0.43499310760254256,0.0,0.0,nan,0.9213483146067416,,,
1,ngram_lr,clean,L3,combined,182,0.43956043956043955,0.18571261348343393,0.054945054945054944,0.0,0.0,0.898876404494382,,,
1,ngram_lr,aug_loro,L3,swap_to_3cx,182,0.9725274725274725,0.3493556430276602,0.005494505494505495,0.0,0.978494623655914,0.9662921348314607,,,
1,ngram_lr,aug_loro,L3,identity_pad,90,0.9444444444444444,0.389652403158336,0.0,0.0,nan,0.9444444444444444,,,
1,ngram_lr,aug_loro,L3,cx_pad,89,0.9438202247191011,0.3808520443433454,0.0,0.0,nan,0.9438202247191011,,,
1,ngram_lr,aug_loro,L3,decompose,184,0.9402173913043478,0.35800327219502254,0.005434782608695652,0.0,0.9473684210526315,0.9325842696629213,,,
1,ngram_lr,aug_loro,L3,relabel,89,0.9325842696629213,0.3823739013054581,0.0,0.0,nan,0.9325842696629213,,,
1,ngram_lr,aug_loro,L3,combined,182,0.9725274725274725,0.3408801999971309,0.005494505494505495,0.0,0.978494623655914,0.9662921348314607,,,
1,cnn,clean,L3,none,89,1.0,nan,0.0,0.0,nan,1.0,1.0,0.003346804667355331,0.0
1,cnn,clean,L3,swap_to_3cx,182,0.489010989010989,0.0025860657915472984,0.510989010989011,0.0,0.0,1.0,,,
1,cnn,clean,L3,identity_pad,90,0.9888888888888889,0.05334414914250374,0.011111111111111112,0.0,nan,0.9888888888888889,,,
1,cnn,clean,L3,cx_pad,89,1.0,nan,0.0,0.0,nan,1.0,,,
1,cnn,clean,L3,decompose,184,0.483695652173913,0.0024803064297884703,0.5163043478260869,0.0,0.0,1.0,,,
1,cnn,clean,L3,relabel,89,1.0,nan,0.0,0.0,nan,1.0,,,
1,cnn,clean,L3,combined,182,0.489010989010989,0.0026340626645833254,0.510989010989011,0.0,0.0,1.0,,,
1,feat_gb,clean,L3,none,89,1.0,nan,0.0,0.0,nan,1.0,1.0,2.1890446344711116e-05,0.0
1,feat_gb,clean,L3,swap_to_3cx,182,0.489010989010989,2.156895612043119e-05,0.510989010989011,0.0,0.0,1.0,,,
1,feat_gb,clean,L3,identity_pad,90,0.9888888888888889,2.1568956120431198e-05,0.011111111111111112,0.0,nan,0.9888888888888889,,,
1,feat_gb,clean,L3,cx_pad,89,1.0,nan,0.0,0.0,nan,1.0,,,
1,feat_gb,clean,L3,decompose,184,0.483695652173913,2.156895612043119e-05,0.5163043478260869,0.0,0.0,1.0,,,
1,feat_gb,clean,L3,relabel,89,1.0,nan,0.0,0.0,nan,1.0,,,
1,feat_gb,clean,L3,combined,182,0.489010989010989,2.156895612043119e-05,0.510989010989011,0.0,0.0,1.0,,,
1,feat_gb,aug_loro,L3,swap_to_3cx,182,0.945054945054945,0.2574028143290791,0.01098901098901099,0.09473684210526316,0.8924731182795699,1.0,,,
1,feat_gb,aug_loro,L3,identity_pad,90,1.0,nan,0.0,0.05263157894736842,nan,1.0,,,
1,feat_gb,aug_loro,L3,cx_pad,89,1.0,nan,0.0,0.05263157894736842,nan,1.0,,,
1,feat_gb,aug_loro,L3,decompose,184,0.9728260869565217,0.19590827601045632,0.010869565217391304,0.06315789473684211,0.9473684210526315,1.0,,,
1,feat_gb,aug_loro,L3,relabel,89,1.0,nan,0.0,0.05263157894736842,nan,1.0,,,
1,feat_gb,aug_loro,L3,combined,182,0.9560439560439561,0.2665610591065414,0.005494505494505495,0.08421052631578947,0.9139784946236559,1.0,,,
2,ngram_lr,clean,raw,none,92,0.6956521739130435,0.39549490920248875,0.0,0.010526315789473684,nan,0.6956521739130435,0.9834096109839816,0.1549064038054811,0.0
2,ngram_lr,clean,raw,swap_to_3cx,185,0.32432432432432434,0.16194108645491048,0.32972972972972975,0.010526315789473684,0.0,0.6521739130434783,,,
2,ngram_lr,clean,raw,identity_pad,92,0.5760869565217391,0.3329525724224554,0.0,0.010526315789473684,nan,0.5760869565217391,,,
2,ngram_lr,clean,raw,cx_pad,92,0.6521739130434783,0.3319352468583272,0.0,0.031578947368421054,nan,0.6521739130434783,,,
2,ngram_lr,clean,raw,decompose,187,0.3422459893048128,0.28090083608997996,0.0481283422459893,0.08421052631578947,0.0,0.6956521739130435,,,
2,ngram_lr,clean,raw,relabel,92,0.6956521739130435,0.39549490920248875,0.0,0.010526315789473684,nan,0.6956521739130435,,,
2,ngram_lr,clean,raw,combined,186,0.16129032258064516,0.2774074154256766,0.0,0.010526315789473684,0.0,0.3225806451612903,,,
2,ngram_lr,aug_loro,raw,swap_to_3cx,185,0.5081081081081081,0.23705881956708003,0.10810810810810811,0.0,0.2903225806451613,0.7282608695652174,,,
2,ngram_lr,aug_loro,raw,identity_pad,92,0.4673913043478261,0.20828449103608998,0.10869565217391304,0.0,nan,0.4673913043478261,,,
2,ngram_lr,aug_loro,raw,cx_pad,92,0.9456521739130435,0.33794943582673354,0.0,0.6842105263157895,nan,0.9456521739130435,,,
2,ngram_lr,aug_loro,raw,decompose,187,0.7914438502673797,0.3656086350284764,0.0,0.10526315789473684,0.8526315789473684,0.7282608695652174,,,
2,ngram_lr,aug_loro,raw,relabel,92,0.8260869565217391,0.3098753101231005,0.0,0.0,nan,0.8260869565217391,,,
2,ngram_lr,aug_loro,raw,combined,186,0.4032258064516129,0.3335145866912783,0.005376344086021506,0.0,0.13978494623655913,0.6666666666666666,,,
2,cnn,clean,raw,none,92,0.9891304347826086,0.42042237520217896,0.0,0.010526315789473684,nan,0.9891304347826086,0.9989702517162472,0.02431424741040577,0.0
2,cnn,clean,raw,swap_to_3cx,185,0.4918918918918919,0.014172105118632317,0.5027027027027027,0.010526315789473684,0.0,0.9891304347826086,,,
2,cnn,clean,raw,identity_pad,92,0.967391304347826,0.396512508392334,0.0,0.021052631578947368,nan,0.967391304347826,,,
2,cnn,clean,raw,cx_pad,92,0.9782608695652174,0.3380810022354126,0.0,0.021052631578947368,nan,0.9782608695652174,,,
2,cnn,clean,raw,decompose,187,0.48663101604278075,0.07400619238615036,0.3850267379679144,0.010526315789473684,0.0,0.9891304347826086,,,
2,cnn,clean,raw,relabel,92,0.9891304347826086,0.42042237520217896,0.0,0.010526315789473684,nan,0.9891304347826086,,,
2,cnn,clean,raw,combined,186,0.45161290322580644,0.03764335438609123,0.4946236559139785,0.010526315789473684,0.0,0.9032258064516129,,,
2,feat_gb,clean,raw,none,92,1.0,nan,0.0,0.0,nan,1.0,1.0,0.0025290079201868297,0.0
2,feat_gb,clean,raw,swap_to_3cx,185,0.4972972972972973,0.0003271754648812422,0.5027027027027027,0.0,0.0,1.0,,,
2,feat_gb,clean,raw,identity_pad,92,1.0,nan,0.0,0.010526315789473684,nan,1.0,,,
2,feat_gb,clean,raw,cx_pad,92,1.0,nan,0.0,0.0,nan,1.0,,,
2,feat_gb,clean,raw,decompose,187,0.4919786096256685,0.0003594026802568382,0.5080213903743316,0.0,0.0,1.0,,,
2,feat_gb,clean,raw,relabel,92,1.0,nan,0.0,0.0,nan,1.0,,,
2,feat_gb,clean,raw,combined,186,0.5,0.0012228190628220446,0.5,0.0,0.0,1.0,,,
2,feat_gb,aug_loro,raw,swap_to_3cx,185,1.0,nan,0.0,0.0,1.0,1.0,,,
2,feat_gb,aug_loro,raw,identity_pad,92,1.0,nan,0.0,0.0,nan,1.0,,,
2,feat_gb,aug_loro,raw,cx_pad,92,1.0,nan,0.0,0.3368421052631579,nan,1.0,,,
2,feat_gb,aug_loro,raw,decompose,187,0.9679144385026738,0.3352141461374866,0.0,0.14736842105263157,0.9368421052631579,1.0,,,
2,feat_gb,aug_loro,raw,relabel,92,1.0,nan,0.0,0.0,nan,1.0,,,
2,feat_gb,aug_loro,raw,combined,186,0.5,0.01556084719160188,0.5,0.0,0.0,1.0,,,
2,ngram_lr,clean,L1,none,187,0.9518716577540107,0.3954584780301978,0.0,0.010526315789473684,1.0,0.9021739130434783,0.9971291866028708,0.11870486250240274,0.0
2,ngram_lr,clean,L1,swap_to_3cx,187,0.9518716577540107,0.3954584780301978,0.0,0.010526315789473684,1.0,0.9021739130434783,,,
2,ngram_lr,clean,L1,identity_pad,187,0.9518716577540107,0.3954584780301978,0.0,0.010526315789473684,1.0,0.9021739130434783,,,
2,ngram_lr,clean,L1,cx_pad,187,0.9518716577540107,0.3954584780301978,0.0,0.010526315789473684,1.0,0.9021739130434783,,,
2,ngram_lr,clean,L1,decompose,187,0.9518716577540107,0.3954584780301978,0.0,0.010526315789473684,1.0,0.9021739130434783,,,
2,ngram_lr,clean,L1,relabel,187,0.8983957219251337,0.38973464504298133,0.0,0.021052631578947368,0.9157894736842105,0.8804347826086957,,,
2,ngram_lr,clean,L1,combined,187,0.8983957219251337,0.38973464504298133,0.0,0.021052631578947368,0.9157894736842105,0.8804347826086957,,,
2,ngram_lr,aug_loro,L1,swap_to_3cx,187,0.9732620320855615,0.3078137026701761,0.0,0.010526315789473684,0.9894736842105263,0.9565217391304348,,,
2,ngram_lr,aug_loro,L1,identity_pad,187,0.9732620320855615,0.3078137026701761,0.0,0.010526315789473684,0.9894736842105263,0.9565217391304348,,,
2,ngram_lr,aug_loro,L1,cx_pad,187,0.9732620320855615,0.3078137026701761,0.0,0.010526315789473684,0.9894736842105263,0.9565217391304348,,,
2,ngram_lr,aug_loro,L1,decompose,187,0.9732620320855615,0.3083627645775344,0.0,0.010526315789473684,0.9894736842105263,0.9565217391304348,,,
2,ngram_lr,aug_loro,L1,relabel,187,0.9572192513368984,0.30408638761604323,0.0053475935828877,0.021052631578947368,0.9789473684210527,0.9347826086956522,,,
2,ngram_lr,aug_loro,L1,combined,187,0.9572192513368984,0.30408638761604323,0.0053475935828877,0.021052631578947368,0.9789473684210527,0.9347826086956522,,,
2,cnn,clean,L1,none,187,0.9732620320855615,0.42057687044143677,0.0,0.021052631578947368,0.9473684210526315,1.0,0.9967914438502674,0.0570112518596311,0.0
2,cnn,clean,L1,swap_to_3cx,187,0.9732620320855615,0.42057687044143677,0.0,0.021052631578947368,0.9473684210526315,1.0,,,
2,cnn,clean,L1,identity_pad,187,0.9732620320855615,0.42057687044143677,0.0,0.021052631578947368,0.9473684210526315,1.0,,,
2,cnn,clean,L1,cx_pad,187,0.9732620320855615,0.42057687044143677,0.0,0.021052631578947368,0.9473684210526315,1.0,,,
2,cnn,clean,L1,decompose,187,0.9732620320855615,0.42057687044143677,0.0,0.021052631578947368,0.9473684210526315,1.0,,,
2,cnn,clean,L1,relabel,187,0.9732620320855615,0.3104742467403412,0.0,0.042105263157894736,0.9473684210526315,1.0,,,
2,cnn,clean,L1,combined,187,0.9732620320855615,0.3104742467403412,0.0,0.042105263157894736,0.9473684210526315,1.0,,,
2,feat_gb,clean,L1,none,187,1.0,nan,0.0,0.0,1.0,1.0,1.0,8.1342386802694e-05,0.0
2,feat_gb,clean,L1,swap_to_3cx,187,1.0,nan,0.0,0.0,1.0,1.0,,,
2,feat_gb,clean,L1,identity_pad,187,1.0,nan,0.0,0.0,1.0,1.0,,,
2,feat_gb,clean,L1,cx_pad,187,1.0,nan,0.0,0.0,1.0,1.0,,,
2,feat_gb,clean,L1,decompose,187,1.0,nan,0.0,0.0,1.0,1.0,,,
2,feat_gb,clean,L1,relabel,187,1.0,nan,0.0,0.021052631578947368,1.0,1.0,,,
2,feat_gb,clean,L1,combined,187,1.0,nan,0.0,0.021052631578947368,1.0,1.0,,,
2,feat_gb,aug_loro,L1,swap_to_3cx,187,0.9946524064171123,0.2880051002112061,0.0,0.0,0.9894736842105263,1.0,,,
2,feat_gb,aug_loro,L1,identity_pad,187,0.9946524064171123,0.2880051002112061,0.0,0.0,0.9894736842105263,1.0,,,
2,feat_gb,aug_loro,L1,cx_pad,187,0.9946524064171123,0.2880051002112061,0.0,0.0,0.9894736842105263,1.0,,,
2,feat_gb,aug_loro,L1,decompose,187,0.9893048128342246,0.3637098453446128,0.0,0.0,0.9789473684210527,1.0,,,
2,feat_gb,aug_loro,L1,relabel,187,1.0,nan,0.0,0.0,1.0,1.0,,,
2,feat_gb,aug_loro,L1,combined,187,1.0,nan,0.0,0.0,1.0,1.0,,,
2,ngram_lr,clean,L3,none,92,0.9782608695652174,0.4407860209456902,0.0,0.0,nan,0.9782608695652174,1.0,0.11672967569731449,0.0
2,ngram_lr,clean,L3,swap_to_3cx,185,0.4756756756756757,0.17156152857255286,0.07567567567567568,0.0,0.0,0.9565217391304348,,,
2,ngram_lr,clean,L3,identity_pad,92,0.9782608695652174,0.4407860209456902,0.0,0.0,nan,0.9782608695652174,,,
2,ngram_lr,clean,L3,cx_pad,92,0.9782608695652174,0.4407860209456902,0.0,0.0,nan,0.9782608695652174,,,
2,ngram_lr,clean,L3,decompose,187,0.47058823529411764,0.16717521502123237,0.0855614973262032,0.0,0.0,0.9565217391304348,,,
2,ngram_lr,clean,L3,relabel,92,0.967391304347826,0.42286466947254553,0.0,0.0,nan,0.967391304347826,,,
2,ngram_lr,clean,L3,combined,186,0.4731182795698925,0.1757660112383462,0.08064516129032258,0.0,0.0,0.946236559139785,,,
2,ngram_lr,aug_loro,L3,swap_to_3cx,185,1.0,nan,0.0,0.0,1.0,1.0,,,
2,ngram_lr,aug_loro,L3,identity_pad,92,0.967391304347826,0.36121880596883615,0.0,0.010526315789473684,nan,0.967391304347826,,,
2,ngram_lr,aug_loro,L3,cx_pad,92,0.967391304347826,0.35348927113681844,0.0,0.010526315789473684,nan,0.967391304347826,,,
2,ngram_lr,aug_loro,L3,decompose,187,0.9732620320855615,0.3183719520857198,0.0,0.010526315789473684,0.9894736842105263,0.9565217391304348,,,
2,ngram_lr,aug_loro,L3,relabel,92,0.9565217391304348,0.3742456970280319,0.0,0.010526315789473684,nan,0.9565217391304348,,,
2,ngram_lr,aug_loro,L3,combined,186,0.9946236559139785,0.4966853696561847,0.0,0.0,1.0,0.989247311827957,,,
2,cnn,clean,L3,none,92,1.0,nan,0.0,0.0,nan,1.0,1.0,0.00363749955198105,0.0
2,cnn,clean,L3,swap_to_3cx,185,0.4972972972972973,0.0028838147409260273,0.5027027027027027,0.0,0.0,1.0,,,
2,cnn,clean,L3,identity_pad,92,1.0,nan,0.0,0.0,nan,1.0,,,
2,cnn,clean,L3,cx_pad,92,1.0,nan,0.0,0.0,nan,1.0,,,
2,cnn,clean,L3,decompose,187,0.4919786096256685,0.0030043080914765596,0.5080213903743316,0.0,0.0,1.0,,,
2,cnn,clean,L3,relabel,92,1.0,nan,0.0,0.0,nan,1.0,,,
2,cnn,clean,L3,combined,186,0.4946236559139785,0.003592275781556964,0.5053763440860215,0.0,0.0,0.989247311827957,,,
2,feat_gb,clean,L3,none,92,1.0,nan,0.0,0.0,nan,1.0,1.0,2.1893134892652365e-05,0.0
2,feat_gb,clean,L3,swap_to_3cx,185,0.4972972972972973,2.1422775655502493e-05,0.5027027027027027,0.0,0.0,1.0,,,
2,feat_gb,clean,L3,identity_pad,92,1.0,nan,0.0,0.0,nan,1.0,,,
2,feat_gb,clean,L3,cx_pad,92,1.0,nan,0.0,0.0,nan,1.0,,,
2,feat_gb,clean,L3,decompose,187,0.4919786096256685,2.1422775655502493e-05,0.5080213903743316,0.0,0.0,1.0,,,
2,feat_gb,clean,L3,relabel,92,1.0,nan,0.0,0.0,nan,1.0,,,
2,feat_gb,clean,L3,combined,186,0.4946236559139785,2.1422775655502493e-05,0.5053763440860215,0.0,0.0,0.989247311827957,,,
2,feat_gb,aug_loro,L3,swap_to_3cx,185,0.9459459459459459,0.20537623355328832,0.010810810810810811,0.042105263157894736,0.8924731182795699,1.0,,,
2,feat_gb,aug_loro,L3,identity_pad,92,1.0,nan,0.0,0.021052631578947368,nan,1.0,,,
2,feat_gb,aug_loro,L3,cx_pad,92,1.0,nan,0.0,0.021052631578947368,nan,1.0,,,
2,feat_gb,aug_loro,L3,decompose,187,0.9197860962566845,0.1843062393598952,0.016042780748663103,0.031578947368421054,0.8421052631578947,1.0,,,
2,feat_gb,aug_loro,L3,relabel,92,1.0,nan,0.0,0.021052631578947368,nan,1.0,,,
2,feat_gb,aug_loro,L3,combined,186,0.946236559139785,0.2181926363364986,0.016129032258064516,0.042105263157894736,0.8924731182795699,1.0,,,
